"timestamp","question","answer"
"2025-12-13T04:29:42.598365700","what is java","Java is an object-oriented programming language developed by Sun Microsystems. It is platform-independent at both the source and binary levels, thanks to the Java Virtual Machine (JVM). Java is extensively used for building large-scale enterprise applications, Android apps, and web servers. Its strong typing, automatic memory management, and comprehensive API contribute to its stability and scalability [1][3]."
"2025-12-13T04:30:39.596910200","what is python","Python is a high-level, interpreted language known for its readability and simplicity. It supports multiple programming paradigms, including procedural, object-oriented, and functional programming. Python is widely used for web development, data analysis, artificial intelligence, machine learning, and automation. Its extensive standard library and active community make it ideal for beginners and professionals alike [1]."
"2025-12-13T04:34:28.688631900","help me define inheritance in java","Inheritance in Java is a key concept of object-oriented programming (OOP) that allows one class (the child or subclass) to inherit the attributes and methods of another class (the parent or superclass). This promotes code reusability and establishes a hierarchical relationship between classes.

In Java, inheritance is implemented using the `extends` keyword. For example, if you have a class `Animal` and a subclass `Dog`, the `Dog` class can inherit properties and behaviors from the `Animal` class:

```java
class Animal {
    void eat() {
        System.out.println(""This animal eats food."");
    }
}

class Dog extends Animal {
    void bark() {
        System.out.println(""The dog barks."");
    }
}
```

In this example, `Dog` inherits the `eat` method from `Animal`, allowing it to use this method in addition to its own `bark` method.

Key principles of OOP related to inheritance include:

1. **Encapsulation**: Inheritance allows subclasses to use the encapsulated data and methods of their parent class.
2. **Polymorphism**: Subclasses can override methods of the parent class, enabling dynamic method resolution.
3. **Code Reusability**: Inheritance promotes reusability of code, reducing redundancy.

The benefits of using inheritance include improved code organization and the ability to create a more intuitive class hierarchy. However, drawbacks can include increased complexity and the potential for tightly coupled code, which can make maintenance more challenging [2]."
"2025-12-13T04:42:33.255146","tell me the differences between c++ and java and keep it concise","C++ is a statically typed, compiled language that allows low-level memory manipulation and requires manual memory management, while Java is an object-oriented, platform-independent language that provides automatic memory management through garbage collection. C++ supports multiple programming paradigms and is commonly used in performance-critical applications, whereas Java is widely used for large-scale enterprise applications and Android apps due to its strong typing and comprehensive API [1][4]."
"2025-12-13T18:01:11.746514700","please provide me a concise description on what is java programming and why it's unique","Java is an object-oriented programming language developed by Sun Microsystems, known for its platform independence at both the source and binary levels, thanks to the Java Virtual Machine (JVM). This allows Java applications to run on any device that has the JVM installed, making it versatile for various environments. Java is extensively used for building large-scale enterprise applications, Android apps, and web servers. Its strong typing, automatic memory management, and comprehensive API contribute to its stability and scalability, setting it apart from other programming languages [1][4]."
"2025-12-13T18:24:00.031819600","give me a concise implementation of python programming","I am unsure. The context does not provide a specific implementation of Python programming or examples related to it. It mainly discusses the characteristics and uses of Python as a programming language [2]."
"2025-12-13T20:55:49.371027","what is inheritence","Inheritance in the context of object-oriented programming (OOP) is a key concept that allows one class (the child or subclass) to inherit properties and behaviors (attributes and methods) from another class (the parent or superclass). This mechanism promotes code reusability and establishes a hierarchical relationship between classes. 

Key principles of inheritance include:

1. **Encapsulation**: Inheritance allows a subclass to inherit the encapsulated attributes and methods of its parent class, enabling the subclass to utilize and extend the functionality of the parent class without exposing its internal workings.

2. **Hierarchical Relationships**: Inheritance creates a parent-child relationship between classes, where the child class can inherit characteristics from the parent class, facilitating a structured organization of code.

3. **Polymorphism**: This principle allows objects of different classes to be treated as objects of a common superclass, enabling methods to be overridden in subclasses, which can provide specific implementations while maintaining a consistent interface.

These principles help in structuring code in a maintainable and scalable way, reducing redundancy and improving readability [3]."
"2025-12-13T21:53:02.266373600","what is java","Java is an object-oriented programming language developed by Sun Microsystems. It is platform-independent at both the source and binary levels, thanks to the Java Virtual Machine (JVM). Java is extensively used for building large-scale enterprise applications, Android apps, and web servers. Its strong typing, automatic memory management, and comprehensive API contribute to its stability and scalability [1][3]."
